col_names,roc,prc,Recall,Precision,f1,BA,accuracy,TN,FP,FN,TP,SP,SE,NPV,MCC,cohen_kappa
class_class,0.9555303602922651,0.9344225017552432,0.8611111111111112,0.8942307692307693,0.8773584905660378,0.8931405895691611,0.8980392156862745,136,11,15,93,0.9251700680272109,0.8611111111111112,0.9006622516556292,0.7905753738584198,0.7901633118116217
