col_names,roc,prc,Recall,Precision,f1,BA,accuracy,TN,FP,FN,TP,SP,SE,NPV,MCC,cohen_kappa
class_class,0.9503653313177124,0.9274934123939717,0.8796296296296297,0.8796296296296297,0.8796296296296297,0.8955971277399849,0.8980392156862745,134,13,13,95,0.9115646258503401,0.8796296296296297,0.9115646258503401,0.7911942554799698,0.7911942554799698
