col_names,roc,prc,Recall,Precision,f1,BA,accuracy,TN,FP,FN,TP,SP,SE,NPV,MCC,cohen_kappa
class_class,0.95527840765936,0.9369958197568896,0.9259259259259259,0.8403361344537815,0.881057268722467,0.8983371126228269,0.8941176470588236,128,19,8,100,0.8707482993197279,0.9259259259259259,0.9411764705882353,0.7890569999319196,0.786053882725832
