col_names,roc,prc,Recall,Precision,f1,BA,accuracy,TN,FP,FN,TP,SP,SE,NPV,MCC,cohen_kappa
class_class,0.9518770471151424,0.9059122898516181,0.8796296296296297,0.8636363636363636,0.8715596330275229,0.8887944066515495,0.8901960784313725,132,15,13,95,0.8979591836734694,0.8796296296296297,0.9103448275862069,0.7757829052007252,0.7756833176248822
