col_names,roc,prc,Recall,Precision,f1,BA,accuracy,TN,FP,FN,TP,SP,SE,NPV,MCC,cohen_kappa
class_class,0.9524439405391787,0.8966710055748852,0.9166666666666666,0.8839285714285714,0.8999999999999999,0.9141156462585034,0.9137254901960784,134,13,9,99,0.9115646258503401,0.9166666666666666,0.9370629370629371,0.8246034551367155,0.8241820233170365
