col_names,roc,prc,Recall,Precision,f1,BA,accuracy,TN,FP,FN,TP,SP,SE,NPV,MCC,cohen_kappa
class_class,0.9520030234315949,0.9317286147301542,0.8981481481481481,0.8584070796460177,0.8778280542986425,0.8946523053665911,0.8941176470588236,131,16,11,97,0.891156462585034,0.8981481481481481,0.9225352112676056,0.7851123174009289,0.7844868062728895
