col_names,roc,prc,Recall,Precision,f1,BA,accuracy,TN,FP,FN,TP,SP,SE,NPV,MCC,cohen_kappa
class_class,0.9601284958427816,0.9250141165282536,0.9074074074074074,0.875,0.8909090909090909,0.906084656084656,0.9058823529411765,133,14,10,98,0.9047619047619048,0.9074074074074074,0.9300699300699301,0.8086118298374637,0.8081985708913125
