col_names,roc,prc,Recall,Precision,f1,BA,accuracy,TN,FP,FN,TP,SP,SE,NPV,MCC,cohen_kappa
class_class,0.964222726127488,0.9510559146645062,0.8425925925925926,0.91,0.8749999999999999,0.8906840513983372,0.8980392156862745,138,9,17,91,0.9387755102040817,0.8425925925925926,0.8903225806451613,0.7907885535742459,0.7891221374045801
