col_names,roc,prc,Recall,Precision,f1,BA,accuracy,TN,FP,FN,TP,SP,SE,NPV,MCC,cohen_kappa
class_class,0.961199294532628,0.9408336261202148,0.8796296296296297,0.9134615384615384,0.8962264150943395,0.9092025699168557,0.9137254901960784,138,9,13,95,0.9387755102040817,0.8796296296296297,0.9139072847682119,0.8228747762991627,0.8224458792252184
