col_names,roc,prc,Recall,Precision,f1,BA,accuracy,TN,FP,FN,TP,SP,SE,NPV,MCC,cohen_kappa
ACTIVITY_ACTIVITY,0.8404761904761905,0.9015512221438213,0.8333333333333334,0.8928571428571429,0.8620689655172413,0.8095238095238095,0.8181818181818182,11,3,5,25,0.7857142857142857,0.8333333333333334,0.6875,0.5993902797701955,0.5963302752293578
