col_names,roc,prc,Recall,Precision,f1,BA,accuracy,TN,FP,FN,TP,SP,SE,NPV,MCC,cohen_kappa
ACTIVITY_ACTIVITY,0.8361106482252958,0.2738683482505977,0.8235294117647058,0.11336032388663968,0.199288256227758,0.7566655557407098,0.6959459459459459,487,219,6,28,0.6898016997167139,0.8235294117647058,0.9878296146044625,0.2279121400811593,0.12892897501360223
