col_names,roc,prc,Recall,Precision,f1,BA,accuracy,TN,FP,FN,TP,SP,SE,NPV,MCC,cohen_kappa
ACTIVITY_ACTIVITY,0.8363636363636363,0.5753517316017316,1.0,0.5,0.6666666666666666,0.8166666666666667,0.7317073170731707,19,11,0,11,0.6333333333333333,1.0,1.0,0.5627314338711377,0.4810126582278481
