col_names,roc,prc,Recall,Precision,f1,BA,accuracy,TN,FP,FN,TP,SP,SE,NPV,MCC,cohen_kappa
ACTIVITY_ACTIVITY,0.8015151515151515,0.5741089111110924,0.9090909090909091,0.45454545454545453,0.6060606060606061,0.7545454545454545,0.6829268292682927,18,12,1,10,0.6,0.9090909090909091,0.9473684210526315,0.4523391430160342,0.38665132336018415
