col_names,roc,prc,Recall,Precision,f1,BA,accuracy,TN,FP,FN,TP,SP,SE,NPV,MCC,cohen_kappa
ACTIVITY_ACTIVITY,0.8416305615730713,0.31612316682157315,0.7058823529411765,0.11650485436893204,0.2,0.724045992334611,0.7405405405405405,524,182,10,24,0.7422096317280453,0.7058823529411765,0.9812734082397003,0.20931711767031969,0.13149787275661406
