col_names,roc,prc,Recall,Precision,f1,BA,accuracy,TN,FP,FN,TP,SP,SE,NPV,MCC,cohen_kappa
ACTIVITY_ACTIVITY,0.8523809523809524,0.898811655232303,0.8333333333333334,0.8620689655172413,0.847457627118644,0.7738095238095238,0.7954545454545454,10,4,5,25,0.7142857142857143,0.8333333333333334,0.6666666666666666,0.5380945115300906,0.5373831775700935
