col_names,roc,prc,Recall,Precision,f1,BA,accuracy,TN,FP,FN,TP,SP,SE,NPV,MCC,cohen_kappa
ACTIVITY_ACTIVITY,0.832402932844526,0.2664133429171041,0.8529411764705882,0.10431654676258993,0.1858974358974359,0.7501249791701383,0.6567567567567567,457,249,5,29,0.6473087818696884,0.8529411764705882,0.9891774891774892,0.2162646239774062,0.11329584481262023
