col_names,roc,prc,Recall,Precision,f1,BA,accuracy,TN,FP,FN,TP,SP,SE,NPV,MCC,cohen_kappa
ACTIVITY_ACTIVITY,0.9190476190476191,0.9675056126080765,0.8333333333333334,0.9259259259259259,0.8771929824561403,0.8452380952380952,0.8409090909090909,12,2,5,25,0.8571428571428571,0.8333333333333334,0.7058823529411765,0.660491160806468,0.6531531531531531
