col_names,roc,prc,Recall,Precision,f1,BA,accuracy,TN,FP,FN,TP,SP,SE,NPV,MCC,cohen_kappa
ACTIVITY_ACTIVITY,0.8214285714285714,0.9069938155029228,0.7666666666666667,0.8846153846153846,0.8214285714285715,0.7761904761904762,0.7727272727272727,11,3,7,23,0.7857142857142857,0.7666666666666667,0.6111111111111112,0.5232875632287413,0.5132743362831859
