col_names,roc,prc,Recall,Precision,f1,BA,accuracy,TN,FP,FN,TP,SP,SE,NPV,MCC,cohen_kappa
ACTIVITY_ACTIVITY,0.8727272727272727,0.6984153893244802,0.8181818181818182,0.47368421052631576,0.6,0.7424242424242424,0.7073170731707317,20,10,2,9,0.6666666666666666,0.8181818181818182,0.9090909090909091,0.43079918382479443,0.3940886699507389
