col_names,roc,prc,Recall,Precision,f1,BA,accuracy,TN,FP,FN,TP,SP,SE,NPV,MCC,cohen_kappa
ACTIVITY_ACTIVITY,0.8148225295784035,0.2702402099502203,0.7352941176470589,0.10245901639344263,0.17985611510791366,0.7125479086818864,0.6918918918918919,487,219,9,25,0.6898016997167139,0.7352941176470589,0.9818548387096774,0.18931842792013542,0.10790575694767568
