col_names,roc,prc,Recall,Precision,f1,BA,accuracy,TN,FP,FN,TP,SP,SE,NPV,MCC,cohen_kappa
ACTIVITY_ACTIVITY,0.8277578736877187,0.34173260333724115,0.8235294117647058,0.11290322580645161,0.19858156028368792,0.7559573404432595,0.6945945945945946,486,220,6,28,0.6883852691218131,0.8235294117647058,0.9878048780487805,0.2270549643758919,0.1281227843349877
