col_names,roc,prc,Recall,Precision,f1,BA,accuracy,TN,FP,FN,TP,SP,SE,NPV,MCC,cohen_kappa
class_class,0.79987012987013,0.8831377129065504,0.8714285714285714,0.8472222222222222,0.8591549295774648,0.7357142857142858,0.7948717948717948,33,22,18,122,0.6,0.8714285714285714,0.6470588235294118,0.48271959488186633,0.4820717131474104
