col_names,roc,prc,Recall,Precision,f1,BA,accuracy,TN,FP,FN,TP,SP,SE,NPV,MCC,cohen_kappa
class_class,0.8033766233766234,0.8828591463219575,0.9571428571428572,0.8271604938271605,0.8874172185430464,0.724025974025974,0.8256410256410256,27,28,6,134,0.4909090909090909,0.9571428571428572,0.8181818181818182,0.5377237953224415,0.5099778270509978
