col_names,roc,prc,Recall,Precision,f1,BA,accuracy,TN,FP,FN,TP,SP,SE,NPV,MCC,cohen_kappa
class_class,0.8669250645994832,0.8958408561044253,0.937984496124031,0.8175675675675675,0.8736462093862817,0.764446793516561,0.8205128205128205,39,27,8,121,0.5909090909090909,0.937984496124031,0.8297872340425532,0.5851340044012925,0.5688838355126018
