col_names,roc,prc,Recall,Precision,f1,BA,accuracy,TN,FP,FN,TP,SP,SE,NPV,MCC,cohen_kappa
class_class,0.8879870129870131,0.9447205858878203,0.9214285714285714,0.8716216216216216,0.8958333333333333,0.787987012987013,0.8461538461538461,36,19,11,129,0.6545454545454545,0.9214285714285714,0.7659574468085106,0.6059942103027653,0.6025815217391304
