col_names,roc,prc,Recall,Precision,f1,BA,accuracy,TN,FP,FN,TP,SP,SE,NPV,MCC,cohen_kappa
class_class,0.8002114164904862,0.8538166294694514,0.9302325581395349,0.8108108108108109,0.8664259927797834,0.7529950669485553,0.8102564102564103,38,28,9,120,0.5757575757575758,0.9302325581395349,0.8085106382978723,0.5597950901534018,0.5442486261133219
