col_names,roc,prc,Recall,Precision,f1,BA,accuracy,TN,FP,FN,TP,SP,SE,NPV,MCC,cohen_kappa
class_class,0.8682467532467533,0.9294612852925127,0.9,0.8689655172413793,0.8842105263157896,0.7772727272727273,0.8307692307692308,36,19,14,126,0.6545454545454545,0.9,0.72,0.5714964133485174,0.5702838063439065
