col_names,roc,prc,Recall,Precision,f1,BA,accuracy,TN,FP,FN,TP,SP,SE,NPV,MCC,cohen_kappa
class_class,0.7986363636363637,0.8740830941331843,0.8714285714285714,0.8356164383561644,0.8531468531468531,0.7175324675324675,0.7846153846153846,31,24,18,122,0.5636363636363636,0.8714285714285714,0.6326530612244898,0.4513619827011874,0.4499664204163869
