col_names,roc,prc,Recall,Precision,f1,BA,accuracy,TN,FP,FN,TP,SP,SE,NPV,MCC,cohen_kappa
class_class,0.893896103896104,0.9525687637634463,0.8642857142857143,0.8897058823529411,0.8768115942028986,0.7957792207792208,0.8256410256410256,40,15,19,121,0.7272727272727273,0.8642857142857143,0.6779661016949152,0.5794921519742424,0.5787801778907242
