col_names,roc,prc,Recall,Precision,f1,BA,accuracy,TN,FP,FN,TP,SP,SE,NPV,MCC,cohen_kappa
class_class,0.8572077922077922,0.9254500007029307,0.9,0.863013698630137,0.881118881118881,0.7681818181818182,0.8256410256410256,35,20,14,126,0.6363636363636364,0.9,0.7142857142857143,0.556455220464449,0.554734721289456
