col_names,roc,prc,Recall,Precision,f1,BA,accuracy,TN,FP,FN,TP,SP,SE,NPV,MCC,cohen_kappa
class_class,0.8221428571428572,0.9087241007842585,0.9285714285714286,0.8387096774193549,0.8813559322033899,0.737012987012987,0.8205128205128205,30,25,10,130,0.5454545454545454,0.9285714285714286,0.75,0.5282647804436963,0.5168141592920354
