col_names,roc,prc,Recall,Precision,f1,BA,accuracy,TN,FP,FN,TP,SP,SE,NPV,MCC,cohen_kappa
class_class,0.8716233766233765,0.9397552155256276,0.8642857142857143,0.8832116788321168,0.8736462093862816,0.7866883116883117,0.8205128205128205,39,16,19,121,0.7090909090909091,0.8642857142857143,0.6724137931034483,0.5644312685885298,0.564037048866177
