col_names,roc,prc,Recall,Precision,f1,BA,accuracy,TN,FP,FN,TP,SP,SE,NPV,MCC,cohen_kappa
class_class,0.803961038961039,0.8842415024101343,0.9142857142857143,0.8421052631578947,0.8767123287671234,0.7389610389610389,0.8153846153846154,31,24,12,128,0.5636363636363636,0.9142857142857143,0.7209302325581395,0.5187360543248313,0.5118219749652295
