col_names,roc,prc,Recall,Precision,f1,BA,accuracy,TN,FP,FN,TP,SP,SE,NPV,MCC,cohen_kappa
class_class,0.7863518910030539,0.8419602256459151,0.9069767441860465,0.8013698630136986,0.850909090909091,0.7337914023960534,0.7897435897435897,37,29,12,117,0.5606060606060606,0.9069767441860465,0.7551020408163265,0.5100947888195358,0.4989659710471893
