col_names,roc,prc,Recall,Precision,f1,BA,accuracy,TN,FP,FN,TP,SP,SE,NPV,MCC,cohen_kappa
class_class,0.8724453840732911,0.907801508135101,0.9069767441860465,0.841726618705036,0.8731343283582089,0.7868217054263565,0.8256410256410256,44,22,12,117,0.6666666666666666,0.9069767441860465,0.7857142857142857,0.5999394473774923,0.5956824002927187
