col_names,roc,prc,Recall,Precision,f1,BA,accuracy,TN,FP,FN,TP,SP,SE,NPV,MCC,cohen_kappa
class_class,0.7332628611698379,0.7949942604144133,0.875968992248062,0.7793103448275862,0.8248175182481752,0.6955602536997886,0.7538461538461538,34,32,16,113,0.5151515151515151,0.875968992248062,0.68,0.423846310734021,0.4157303370786517
