col_names,roc,prc,Recall,Precision,f1,BA,accuracy,TN,FP,FN,TP,SP,SE,NPV,MCC,cohen_kappa
class_class,0.7766032417195208,0.8341195359905065,0.9457364341085271,0.7672955974842768,0.8472222222222222,0.6925651867512332,0.7743589743589744,29,37,7,122,0.4393939393939394,0.9457364341085271,0.8055555555555556,0.4697045651593661,0.43321442726912407
