col_names,roc,prc,Recall,Precision,f1,BA,accuracy,TN,FP,FN,TP,SP,SE,NPV,MCC,cohen_kappa
class_class,0.8867747239840263,0.9188677656030836,0.9069767441860465,0.8666666666666667,0.8863636363636364,0.8171247357293869,0.8461538461538461,48,18,12,117,0.7272727272727273,0.9069767441860465,0.8,0.6502560887623551,0.6486486486486487
