col_names,roc,prc,Recall,Precision,f1,BA,accuracy,TN,FP,FN,TP,SP,SE,NPV,MCC,cohen_kappa
class_class,0.7856471693680996,0.8440410226524128,0.875968992248062,0.8129496402877698,0.8432835820895523,0.7410147991543341,0.7846153846153846,40,26,16,113,0.6060606060606061,0.875968992248062,0.7142857142857143,0.5041260221206446,0.5005488474204172
