col_names,roc,prc,Recall,Precision,f1,BA,accuracy,TN,FP,FN,TP,SP,SE,NPV,MCC,cohen_kappa
activity_activity,0.8877526525517307,0.4202362229300048,0.8490566037735849,0.21951219512195122,0.3488372093023256,0.8227471314033319,0.799761620977354,626,160,8,45,0.7964376590330788,0.8490566037735849,0.9873817034700315,0.3654433260449951,0.2761744346075632
col_names,roc,prc,Recall,Precision,f1,BA,accuracy,TN,FP,FN,TP,SP,SE,NPV,MCC,cohen_kappa
activity_activity,0.8877526525517307,0.4202362229300048,0.8490566037735849,0.21951219512195122,0.3488372093023256,0.8227471314033319,0.799761620977354,626,160,8,45,0.7964376590330788,0.8490566037735849,0.9873817034700315,0.3654433260449951,0.2761744346075632
