col_names,roc,prc,Recall,Precision,f1,BA,accuracy,TN,FP,FN,TP,SP,SE,NPV,MCC,cohen_kappa
activity_1uM_activity,0.8884773662551441,0.408189066414555,0.6666666666666666,0.3125,0.425531914893617,0.7654320987654321,0.847457627118644,140,22,5,10,0.8641975308641975,0.6666666666666666,0.9655172413793104,0.3841736583168765,0.35059111292295153
col_names,roc,prc,Recall,Precision,f1,BA,accuracy,TN,FP,FN,TP,SP,SE,NPV,MCC,cohen_kappa
activity_1uM_activity,0.8884773662551441,0.408189066414555,0.6666666666666666,0.3125,0.425531914893617,0.7654320987654321,0.847457627118644,140,22,5,10,0.8641975308641975,0.6666666666666666,0.9655172413793104,0.3841736583168765,0.35059111292295153
