col_names,roc,prc,Recall,Precision,f1,BA,accuracy,TN,FP,FN,TP,SP,SE,NPV,MCC,cohen_kappa
activity_activity,0.8735176916798694,0.4457937957148027,0.8490566037735849,0.24324324324324326,0.3781512605042017,0.8354697777137645,0.8235995232419547,646,140,8,45,0.821882951653944,0.8490566037735849,0.9877675840978594,0.39369315690672735,0.3104313830023546
col_names,roc,prc,Recall,Precision,f1,BA,accuracy,TN,FP,FN,TP,SP,SE,NPV,MCC,cohen_kappa
activity_activity,0.8735176916798694,0.4457937957148027,0.8490566037735849,0.24324324324324326,0.3781512605042017,0.8354697777137645,0.8235995232419547,646,140,8,45,0.821882951653944,0.8490566037735849,0.9877675840978594,0.39369315690672735,0.3104313830023546
