col_names,roc,prc,Recall,Precision,f1,BA,accuracy,TN,FP,FN,TP,SP,SE,NPV,MCC,cohen_kappa
activity_1uM_activity,0.8654320987654321,0.2473843642518783,0.4666666666666667,0.23333333333333334,0.31111111111111117,0.6623456790123456,0.8248587570621468,139,23,8,7,0.8580246913580247,0.4666666666666667,0.9455782312925171,0.24102082666170094,0.2233545647558387
col_names,roc,prc,Recall,Precision,f1,BA,accuracy,TN,FP,FN,TP,SP,SE,NPV,MCC,cohen_kappa
activity_1uM_activity,0.8654320987654321,0.2473843642518783,0.4666666666666667,0.23333333333333334,0.31111111111111117,0.6623456790123456,0.8248587570621468,139,23,8,7,0.8580246913580247,0.4666666666666667,0.9455782312925171,0.24102082666170094,0.2233545647558387
