col_names,roc,prc,Recall,Precision,f1,BA,accuracy,TN,FP,FN,TP,SP,SE,NPV,MCC,cohen_kappa
activity_1uM_activity,0.81440329218107,0.21812228073013287,0.4,0.2608695652173913,0.31578947368421056,0.6475308641975308,0.8531073446327684,145,17,9,6,0.8950617283950617,0.4,0.9415584415584416,0.24439467579070645,0.2375745526838966
