col_names,roc,prc,Recall,Precision,f1,BA,accuracy,TN,FP,FN,TP,SP,SE,NPV,MCC,cohen_kappa
activity_1uM_activity,0.7654320987654322,0.17014782962152786,0.26666666666666666,0.19047619047619047,0.2222222222222222,0.5808641975308642,0.8418079096045198,145,17,11,4,0.8950617283950617,0.26666666666666666,0.9294871794871795,0.13928920737218722,0.13688610240334376
