col_names,roc,prc,Recall,Precision,f1,BA,accuracy,TN,FP,FN,TP,SP,SE,NPV,MCC,cohen_kappa
activity_activity,0.8105525949397475,0.3338239086485935,0.5471698113207547,0.23577235772357724,0.3295454545454546,0.7137884680013442,0.8593563766388558,692,94,24,29,0.8804071246819338,0.5471698113207547,0.9664804469273743,0.2940724987322075,0.2646145618231248
