col_names,roc,prc,Recall,Precision,f1,BA,accuracy,TN,FP,FN,TP,SP,SE,NPV,MCC,cohen_kappa
activity_1uM_activity,0.8880658436213993,0.40240807464055506,0.5333333333333333,0.27586206896551724,0.36363636363636365,0.7018518518518518,0.8418079096045198,141,21,7,8,0.8703703703703703,0.5333333333333333,0.9527027027027027,0.30376379780785556,0.28360797918473546
col_names,roc,prc,Recall,Precision,f1,BA,accuracy,TN,FP,FN,TP,SP,SE,NPV,MCC,cohen_kappa
activity_1uM_activity,0.8880658436213993,0.40240807464055506,0.5333333333333333,0.27586206896551724,0.36363636363636365,0.7018518518518518,0.8418079096045198,141,21,7,8,0.8703703703703703,0.5333333333333333,0.9527027027027027,0.30376379780785556,0.28360797918473546
