col_names,roc,prc,Recall,Precision,f1,BA,accuracy,TN,FP,FN,TP,SP,SE,NPV,MCC,cohen_kappa
activity_1uM_activity,0.8358024691358025,0.25804316481653994,0.4,0.2727272727272727,0.3243243243243243,0.6506172839506172,0.8587570621468926,146,16,9,6,0.9012345679012346,0.4,0.9419354838709677,0.25429086245549376,0.24859908303616907
