col_names,roc,prc,Recall,Precision,f1,BA,accuracy,TN,FP,FN,TP,SP,SE,NPV,MCC,cohen_kappa
activity_activity,0.8714532622785541,0.39587745253943796,0.8679245283018868,0.1796875,0.2977346278317152,0.8003744778914015,0.7413587604290822,576,210,7,46,0.732824427480916,0.8679245283018868,0.9879931389365352,0.31738615084171,0.21563449152359826
col_names,roc,prc,Recall,Precision,f1,BA,accuracy,TN,FP,FN,TP,SP,SE,NPV,MCC,cohen_kappa
activity_activity,0.8714532622785541,0.39587745253943796,0.8679245283018868,0.1796875,0.2977346278317152,0.8003744778914015,0.7413587604290822,576,210,7,46,0.732824427480916,0.8679245283018868,0.9879931389365352,0.31738615084171,0.21563449152359826
