col_names,roc,prc,Recall,Precision,f1,BA,accuracy,TN,FP,FN,TP,SP,SE,NPV,MCC,cohen_kappa
activity_activity,0.817009938067118,0.4072048297150881,0.6037735849056604,0.24615384615384617,0.3497267759562842,0.7395458255317107,0.8581644815256257,688,98,21,32,0.8753180661577609,0.6037735849056604,0.9703808180535967,0.3220868668350314,0.2856100231115436
