col_names,roc,prc,Recall,Precision,f1,BA,accuracy,TN,FP,FN,TP,SP,SE,NPV,MCC,cohen_kappa
activity_1uM_activity,0.8971193415637859,0.41232893269499193,0.7333333333333333,0.2682926829268293,0.3928571428571429,0.774074074074074,0.807909604519774,132,30,4,11,0.8148148148148148,0.7333333333333333,0.9705882352941176,0.3618592723017351,0.3068417415342086
col_names,roc,prc,Recall,Precision,f1,BA,accuracy,TN,FP,FN,TP,SP,SE,NPV,MCC,cohen_kappa
activity_1uM_activity,0.8971193415637859,0.41232893269499193,0.7333333333333333,0.2682926829268293,0.3928571428571429,0.774074074074074,0.807909604519774,132,30,4,11,0.8148148148148148,0.7333333333333333,0.9705882352941176,0.3618592723017351,0.3068417415342086
