col_names,roc,prc,Recall,Precision,f1,BA,accuracy,TN,FP,FN,TP,SP,SE,NPV,MCC,cohen_kappa
activity_activity,0.8094963752460511,0.3554519446506197,0.660377358490566,0.18134715025906736,0.2845528455284553,0.7296797733928657,0.7902264600715138,628,158,18,35,0.7989821882951654,0.660377358490566,0.9721362229102167,0.2655259925848835,0.20583426555373896
