col_names,roc,prc,Recall,Precision,f1,BA,accuracy,TN,FP,FN,TP,SP,SE,NPV,MCC,cohen_kappa
activity_1uM_activity,0.8699588477366256,0.2667539351977933,0.6666666666666666,0.3225806451612903,0.4347826086956521,0.7685185185185185,0.8531073446327684,141,21,5,10,0.8703703703703703,0.6666666666666666,0.9657534246575342,0.39350485960446757,0.36189683860232946
col_names,roc,prc,Recall,Precision,f1,BA,accuracy,TN,FP,FN,TP,SP,SE,NPV,MCC,cohen_kappa
activity_1uM_activity,0.8699588477366256,0.2667539351977933,0.6666666666666666,0.3225806451612903,0.4347826086956521,0.7685185185185185,0.8531073446327684,141,21,5,10,0.8703703703703703,0.6666666666666666,0.9657534246575342,0.39350485960446757,0.36189683860232946
