col_names,roc,prc,Recall,Precision,f1,BA,accuracy,TN,FP,FN,TP,SP,SE,NPV,MCC,cohen_kappa
activity_activity,0.8398866964328581,0.3847394592189081,0.660377358490566,0.23178807947019867,0.3431372549019608,0.7563973306447741,0.8402860548271752,670,116,18,35,0.8524173027989822,0.660377358490566,0.9738372093023255,0.3247207266385565,0.2753722204318402
