col_names,roc,prc,Recall,Precision,f1,BA,accuracy,TN,FP,FN,TP,SP,SE,NPV,MCC,cohen_kappa
activity_activity,0.8312448989389792,0.3840204322085916,0.6792452830188679,0.21301775147928995,0.32432432432432434,0.7550170435450574,0.8212157330154947,653,133,17,36,0.8307888040712468,0.6792452830188679,0.9746268656716418,0.3093624912718889,0.25242360880102643
col_names,roc,prc,Recall,Precision,f1,BA,accuracy,TN,FP,FN,TP,SP,SE,NPV,MCC,cohen_kappa
activity_activity,0.8312448989389792,0.3840204322085916,0.6792452830188679,0.21301775147928995,0.32432432432432434,0.7550170435450574,0.8212157330154947,653,133,17,36,0.8307888040712468,0.6792452830188679,0.9746268656716418,0.3093624912718889,0.25242360880102643
