col_names,roc,prc,Recall,Precision,f1,BA,accuracy,TN,FP,FN,TP,SP,SE,NPV,MCC,cohen_kappa
activity_activity,0.8188103125450092,0.3892855751736117,0.7169811320754716,0.20430107526881722,0.3179916317991632,0.7643429833405349,0.8057210965435042,638,148,15,38,0.811704834605598,0.7169811320754716,0.9770290964777948,0.30962350869774397,0.24362158126158018
