col_names,roc,prc,Recall,Precision,f1,BA,accuracy,TN,FP,FN,TP,SP,SE,NPV,MCC,cohen_kappa
activity_activity,0.8575543713092323,0.44419209804140347,0.7924528301886793,0.21649484536082475,0.3400809716599191,0.7995343031350521,0.8057210965435042,634,152,11,42,0.806615776081425,0.7924528301886793,0.9829457364341085,0.34565675368722276,0.2673823720060642
col_names,roc,prc,Recall,Precision,f1,BA,accuracy,TN,FP,FN,TP,SP,SE,NPV,MCC,cohen_kappa
activity_activity,0.8575543713092323,0.44419209804140347,0.7924528301886793,0.21649484536082475,0.3400809716599191,0.7995343031350521,0.8057210965435042,634,152,11,42,0.806615776081425,0.7924528301886793,0.9829457364341085,0.34565675368722276,0.2673823720060642
