col_names,roc,prc,Recall,Precision,f1,BA,accuracy,TN,FP,FN,TP,SP,SE,NPV,MCC,cohen_kappa
class_class,0.8609349307023726,0.9009891105853512,0.9224806201550387,0.8439716312056738,0.8814814814814815,0.7945736434108527,0.8358974358974359,44,22,10,119,0.6666666666666666,0.9224806201550387,0.8148148148148148,0.622994580448245,0.616519174041298
