col_names,roc,prc,Recall,Precision,f1,BA,accuracy,TN,FP,FN,TP,SP,SE,NPV,MCC,cohen_kappa
class_class,0.8666901573878318,0.9131972643042471,0.9069767441860465,0.8478260869565217,0.8764044943820224,0.7943974630021141,0.8307692307692308,45,21,12,117,0.6818181818181818,0.9069767441860465,0.7894736842105263,0.6125674424965905,0.6090759978130125
col_names,roc,prc,Recall,Precision,f1,BA,accuracy,TN,FP,FN,TP,SP,SE,NPV,MCC,cohen_kappa
class_class,0.8666901573878318,0.9131972643042471,0.9069767441860465,0.8478260869565217,0.8764044943820224,0.7943974630021141,0.8307692307692308,45,21,12,117,0.6818181818181818,0.9069767441860465,0.7894736842105263,0.6125674424965905,0.6090759978130125
col_names,roc,prc,Recall,Precision,f1,BA,accuracy,TN,FP,FN,TP,SP,SE,NPV,MCC,cohen_kappa
class_class,0.8666901573878318,0.9131972643042471,0.9069767441860465,0.8478260869565217,0.8764044943820224,0.7943974630021141,0.8307692307692308,45,21,12,117,0.6818181818181818,0.9069767441860465,0.7894736842105263,0.6125674424965905,0.6090759978130125
col_names,roc,prc,Recall,Precision,f1,BA,accuracy,TN,FP,FN,TP,SP,SE,NPV,MCC,cohen_kappa
class_class,0.8666901573878318,0.9131972643042471,0.9069767441860465,0.8478260869565217,0.8764044943820224,0.7943974630021141,0.8307692307692308,45,21,12,117,0.6818181818181818,0.9069767441860465,0.7894736842105263,0.6125674424965905,0.6090759978130125
