col_names,roc,prc,Recall,Precision,f1,BA,accuracy,TN,FP,FN,TP,SP,SE,NPV,MCC,cohen_kappa
class_class,0.968072297525972,0.7907234110678254,0.6215032018874284,0.8423937871174052,0.7152831652443754,0.8087077378647678,0.9831971247396012,84054,345,1123,1844,0.9959122738421071,0.6215032018874284,0.9868156896814868,0.7155185277805369,0.7068292361454993
