col_names,roc,prc,Recall,Precision,f1,BA,accuracy,TN,FP,FN,TP,SP,SE,NPV,MCC,cohen_kappa
class_class,0.9686744575684647,0.7904427862575065,0.6535220761712167,0.8357758620689655,0.73349725742387,0.8245039023375544,0.983872444658105,84018,381,1028,1939,0.9954857285038923,0.6535220761712167,0.987912423864732,0.731149865752865,0.725310229906798
