col_names,roc,prc,Recall,Precision,f1,BA,accuracy,TN,FP,FN,TP,SP,SE,NPV,MCC,cohen_kappa
class_class,0.9550894066575518,0.7091124482073656,0.6255476912706438,0.7333069932832872,0.6751546016733359,0.8087749830895572,0.979557264839869,83724,675,1111,1856,0.9920022749084705,0.6255476912706438,0.9869039900984263,0.6669079909771691,0.6646696767029103
