col_names,roc,prc,Recall,Precision,f1,BA,accuracy,TN,FP,FN,TP,SP,SE,NPV,MCC,cohen_kappa
class_class,0.9547805933755534,0.7081389186785031,0.651499831479609,0.7104005880191107,0.679676511954993,0.8210816139826747,0.9791452052285786,83611,788,1034,1933,0.9906633964857403,0.651499831479609,0.9877842755035737,0.6695884151299766,0.6689190905110086
