col_names,roc,prc,Recall,Precision,f1,BA,accuracy,TN,FP,FN,TP,SP,SE,NPV,MCC,cohen_kappa
class_class,0.9555873783328762,0.7118207800609273,0.6390293225480284,0.7195445920303606,0.6769011067475903,0.8151366473165028,0.9792825584323421,83660,739,1071,1896,0.9912439720849773,0.6390293225480284,0.9873599981116711,0.6674901385189244,0.6662381081208849
