col_names,roc,prc,Recall,Precision,f1,BA,accuracy,TN,FP,FN,TP,SP,SE,NPV,MCC,cohen_kappa
class_class,0.9672320876306192,0.7701648249948794,0.6474553420963937,0.7866502866502867,0.7102976520613793,0.8206411415869472,0.9820639608085525,83878,521,1046,1921,0.9938269410775009,0.6474553420963937,0.9876831048937874,0.704674595304222,0.7011330925091129
