col_names,roc,prc,Recall,Precision,f1,BA,accuracy,TN,FP,FN,TP,SP,SE,NPV,MCC,cohen_kappa
class_class,0.9534915967808917,0.6977569233394005,0.5625210650488709,0.7645442052221714,0.6481553398058253,0.7782154727488457,0.9792596662317149,83885,514,1298,1669,0.9939098804488204,0.5625210650488709,0.9847622178134134,0.6457068076435183,0.637725210089122
