col_names,roc,prc,Recall,Precision,f1,BA,accuracy,TN,FP,FN,TP,SP,SE,NPV,MCC,cohen_kappa
class_class,0.9675561877301541,0.7820836084883482,0.6444219750589821,0.816396242527754,0.7202863062723677,0.8196635639818187,0.9830025410342697,83969,430,1055,1912,0.9949051529046553,0.6444219750589821,0.9875917388031614,0.7169458326969875,0.7116464902016267
