col_names,roc,prc,Recall,Precision,f1,BA,accuracy,TN,FP,FN,TP,SP,SE,NPV,MCC,cohen_kappa
class_class,0.9675133642746028,0.7954378330965867,0.7108190091001011,0.7646845540246555,0.7367685589519651,0.8515646722653079,0.98275072682737,83750,649,858,2109,0.9923103354305146,0.7108190091001011,0.9898591149773072,0.7283830004915518,0.7278640541776991
