col_names,roc,prc,Recall,Precision,f1,BA,accuracy,TN,FP,FN,TP,SP,SE,NPV,MCC,cohen_kappa
class_class,0.952730296894556,0.7205721506083035,0.6555443208628244,0.7262882748319641,0.6891054030115147,0.823429691918752,0.9799120939495913,83666,733,1022,1945,0.9913150629746798,0.6555443208628244,0.987932174570187,0.6797059657119546,0.6787542406781449
